Bedrooms,Bathrooms,SquareFeet,Floors,Age,Waterfront,Garage,Garden,Location,Price
4,1,4219,2.5,59,0,0,0,Rural,780455.1001826876
5,1,802,2.5,39,0,1,1,Rural,264378.55596417875
3,3,4452,1.5,35,0,0,1,Suburb,1089380.259002795
5,2,1486,2.0,36,0,1,0,Rural,371915.90536421735
5,1,2363,2.0,78,0,0,0,Suburb,585785.5368436943
2,3,4940,2.5,91,0,0,0,Suburb,1089844.957714173
3,2,3572,2.5,17,0,1,0,City Center,1300682.545064283
3,1,3624,1.0,97,1,0,1,Suburb,966221.0880042157
3,2,1827,2.0,62,0,1,0,City Center,730163.8349449667
5,3,2908,1.5,21,1,1,0,Rural,749639.3369983219
4,1,4173,2.0,10,0,0,0,City Center,1480140.1759742803
3,2,3791,1.0,57,0,1,1,Rural,734409.7422340001
5,1,4533,2.5,56,0,1,1,Suburb,1073425.1595927288
2,2,1203,2.5,76,0,1,1,Rural,282641.8757657897
4,3,1074,1.0,3,0,0,0,Rural,327548.65949271293
2,3,3732,1.5,85,0,1,1,Suburb,883091.376579538
4,1,3132,2.5,6,0,0,1,Rural,604128.1053093355
5,2,4328,3.0,60,0,1,0,Suburb,1009291.9860033295
1,1,3730,2.5,53,0,1,0,City Center,1282886.9907345953
4,1,988,3.0,87,0,1,0,Suburb,341701.88594820397
2,2,1847,1.0,67,0,1,0,Suburb,465415.33409176493
5,2,4181,1.0,91,0,1,1,Rural,793052.5484158283
4,2,3673,2.5,78,0,1,1,City Center,1314835.9576667543
1,3,2167,2.0,0,0,0,1,Suburb,568682.0181110388
1,1,2137,3.0,54,0,1,1,City Center,748804.0702648828
3,1,4614,1.5,2,0,1,1,City Center,1624954.1746272482
3,3,4053,2.5,77,0,1,1,Rural,768066.3349657125
2,2,1500,1.5,37,0,1,1,Suburb,429290.67740083375
4,3,1350,2.5,0,0,1,0,Rural,351651.44043303694
4,3,1888,2.0,37,0,0,0,Suburb,557206.6774193159
3,3,4212,2.0,84,0,1,1,City Center,1448825.708921349
4,1,1867,2.0,28,0,0,0,Suburb,497096.22850228037
4,3,1321,2.0,4,0,1,0,Suburb,459390.5480860438
1,1,954,1.0,73,0,1,1,City Center,451633.2974903913
3,1,2124,1.0,91,0,1,1,City Center,790736.6533338702
5,1,3272,3.0,20,0,1,1,Suburb,775179.9780083108
3,2,4226,1.5,70,0,1,1,Rural,762097.4654159812
5,1,3647,2.5,66,0,0,1,Suburb,895993.2278055144
1,1,4589,2.5,46,0,1,1,City Center,1482738.4763753968
2,2,2690,1.0,83,0,0,1,Rural,521977.5610286415
4,1,1416,2.5,82,0,1,1,City Center,626020.5143691257
1,3,4486,1.0,34,0,1,1,City Center,1547583.1798147694
4,3,3375,3.0,67,0,0,1,Rural,655228.6472687251
2,1,1940,1.5,68,0,1,1,City Center,706330.4021266821
2,2,4900,3.0,0,0,1,1,City Center,1709124.6289571128
1,3,1235,2.0,67,0,1,0,City Center,522561.790625696
2,2,4068,2.0,11,0,1,0,City Center,1420449.4297053432
5,2,3838,2.0,59,0,0,0,City Center,1431374.2467237266
2,3,3515,3.0,26,0,0,1,City Center,1282603.5231765446
4,2,3389,2.5,55,0,1,0,City Center,1199451.9258326069
4,3,1461,1.5,22,1,1,0,City Center,955526.7030629097
4,2,3489,2.0,24,0,0,1,City Center,1308674.220010378
4,3,4348,2.0,20,0,1,0,Suburb,1084222.782180586
5,1,1526,2.0,60,0,0,1,Suburb,431707.53951066226
3,3,4365,1.5,62,0,1,0,City Center,1529870.145630253
1,3,3363,2.0,51,0,1,1,Suburb,789890.7505310795
4,3,3001,1.5,87,0,1,1,Rural,579419.2038130062
2,3,2447,2.0,24,0,1,1,Suburb,661069.1641976645
4,2,1677,3.0,54,0,1,1,City Center,741561.3500172654
2,1,511,3.0,45,0,0,1,City Center,335868.30978130834
2,3,4899,1.5,31,0,0,0,Suburb,1088228.530373313
4,2,3864,3.0,54,0,1,0,City Center,1359685.3632300152
5,1,3522,1.5,95,0,1,0,Rural,665455.8454492214
2,1,3871,3.0,4,0,1,1,Rural,731557.8295640611
2,1,3330,3.0,35,0,1,1,City Center,1161895.101819527
4,1,542,1.5,48,0,1,1,Rural,124908.57828104432
2,3,1443,2.5,57,0,0,0,Rural,335671.22862296924
2,3,2890,3.0,38,0,1,1,Suburb,733474.5172630507
4,2,3045,2.0,79,0,1,1,Rural,620779.1819635242
4,2,2911,2.5,96,0,1,1,Suburb,712187.6891112305
1,2,1504,1.5,84,0,1,1,City Center,561073.7066904523
5,1,520,2.5,60,0,0,0,Suburb,287508.0443200373
5,1,906,1.0,8,0,1,1,City Center,503914.88285445713
2,3,1514,1.0,5,0,1,1,City Center,676772.0551583089
5,1,4931,3.0,34,0,1,0,City Center,1742357.546153295
2,1,2338,3.0,38,0,0,0,City Center,868050.545750356
1,1,3688,2.0,21,0,0,1,City Center,1244894.1795601079
4,2,1214,2.5,40,0,1,1,Suburb,387250.184038461
4,2,4646,1.0,4,0,1,1,City Center,1689990.3487005213
4,3,4354,3.0,41,0,1,0,Rural,840287.6853069226
5,1,4919,2.5,86,0,1,1,Rural,864939.9323377159
1,1,640,3.0,80,0,1,1,City Center,309729.41626933485
5,3,1463,3.0,75,0,1,1,Rural,395961.9217805366
5,1,872,1.0,86,0,1,1,Suburb,365418.59883495286
1,1,4135,1.0,79,0,1,0,Suburb,897718.7837217574
1,2,3041,3.0,66,0,1,1,City Center,1020749.360699622
1,3,4110,1.5,29,1,1,0,City Center,1598827.467729791
1,3,2192,3.0,56,0,0,1,City Center,849567.7364549567
4,3,605,3.0,85,0,0,1,Rural,198729.92466627152
3,3,2181,2.0,72,0,1,1,Rural,425420.473396371
3,2,4597,2.0,28,0,1,1,Suburb,1095412.7716939608
1,2,4516,2.0,36,0,1,1,Rural,796266.6046946333
3,1,3136,1.5,86,0,0,1,Suburb,745375.3491039902
3,1,2637,1.5,12,0,1,1,Rural,512252.0123667647
1,1,3916,3.0,31,0,1,1,Suburb,919545.308341647
3,1,4945,2.0,45,0,0,1,City Center,1681551.592673332
5,2,4030,1.5,22,0,1,1,Rural,779932.8658349663
2,3,1786,1.0,44,0,1,0,Suburb,443690.238327634
2,2,3679,3.0,16,0,1,1,Rural,759869.0964688535
1,1,4154,2.5,84,0,0,0,City Center,1324194.8074501713
4,2,2859,3.0,65,0,0,1,Suburb,700231.7088231071
1,3,944,2.5,5,0,1,0,Rural,293697.70672073745
4,3,535,2.0,17,0,0,1,Rural,254443.996335311
2,2,1975,2.5,93,0,1,1,City Center,773569.9135828145
1,2,4457,2.0,21,0,0,1,City Center,1491387.2930620566
5,2,2298,1.0,32,0,1,1,Suburb,690626.3672580906
3,1,2345,2.5,29,0,0,0,Rural,440834.54548621597
4,2,1908,3.0,80,0,1,0,Rural,407478.761961062
3,2,2208,2.0,31,0,1,0,City Center,888896.9688928721
3,2,3438,3.0,41,0,0,1,City Center,1269852.7836059278
1,3,1800,1.5,77,0,1,1,Suburb,475528.97551312076
3,3,1743,2.0,9,0,1,1,Rural,417208.35660383024
5,1,4476,2.5,35,0,1,0,Rural,840281.303319013
3,1,3597,2.0,33,0,1,0,Suburb,877237.7714589839
1,3,509,3.0,72,0,1,1,Suburb,229909.90033192578
5,3,2925,1.0,27,0,1,1,City Center,1157886.9051827234
2,3,2160,2.0,10,0,1,1,City Center,857893.2650484244
3,2,3131,2.5,77,1,0,1,Suburb,881562.7961390121
1,2,1572,1.5,38,1,0,1,Suburb,541055.9533595156
2,3,3725,1.0,46,0,1,0,Rural,723346.0228136617
2,2,1816,1.5,18,0,1,1,Suburb,507593.30805545044
4,2,4645,2.0,14,0,1,1,Suburb,1120944.6810100775
5,1,4183,3.0,27,0,1,0,Rural,815271.7409199195
3,3,3773,3.0,23,0,1,1,Suburb,934069.2678834338
1,3,645,2.5,71,0,1,0,City Center,306954.5646164922
4,2,3540,3.0,8,0,1,1,City Center,1360854.5914421193
5,3,1962,1.0,46,0,1,0,Rural,449432.9629852139
4,1,2084,3.0,32,0,1,1,Suburb,574971.1166737502
5,1,982,2.5,61,1,0,0,City Center,728270.6769466166
5,1,3679,2.0,96,0,1,1,City Center,1320346.789128792
3,3,1749,2.0,18,0,1,1,City Center,795527.3481810999
5,3,1130,3.0,66,0,1,1,City Center,601778.6241869167
4,3,1161,1.5,73,0,1,1,Suburb,399518.73060610006
5,3,4003,2.0,39,0,1,1,Suburb,989874.9355311536
3,3,3352,3.0,46,0,1,0,Suburb,860436.4693969
3,1,2966,2.5,64,0,1,0,Suburb,680834.3649255093
4,2,1487,3.0,28,0,1,0,City Center,677537.0932608986
2,1,2046,2.0,49,0,1,1,Rural,402770.74454907974
2,3,1149,2.5,97,0,1,0,Rural,247898.90712465404
5,1,1468,3.0,12,0,1,1,City Center,718290.4746753272
1,3,3137,1.0,0,0,1,1,City Center,1130402.8623471071
5,3,1600,2.5,33,0,1,0,Rural,419010.3094425453
4,1,940,1.0,92,0,1,0,Rural,266801.80069560383
4,3,1269,1.5,47,0,1,0,City Center,635981.9901421069
4,2,1843,2.5,76,0,1,1,City Center,781208.864020412
4,3,4858,1.0,47,0,1,0,Suburb,1111666.9349296975
4,2,4229,2.0,48,0,1,0,Suburb,998448.5111546217
3,2,4406,2.0,63,0,1,1,Rural,801216.1382097651
2,3,2077,1.5,60,0,1,1,City Center,831391.0240910121
4,1,4508,2.5,28,0,1,0,Rural,824965.8254199326
1,2,3851,2.5,38,0,1,0,Suburb,852183.6101872192
1,1,2849,2.5,87,0,1,0,Suburb,641735.7299286837
1,2,4102,1.5,25,0,1,1,Rural,793822.5763593235
1,3,1741,2.5,16,0,1,1,Suburb,478301.2844006334
3,3,1625,2.0,70,0,1,0,City Center,701705.2101557625
1,2,3101,1.0,12,0,0,0,Rural,599060.5462088697
4,3,1690,2.0,68,1,1,1,City Center,993747.5974653818
5,2,4631,2.0,25,0,1,1,City Center,1690961.9870095549
1,3,4948,1.0,48,0,1,0,Suburb,1093220.18870205
3,1,572,2.0,66,0,1,1,City Center,345206.6204305435
3,3,2414,1.5,6,0,1,0,Rural,502961.2865568368
1,1,2972,1.0,57,0,1,0,City Center,1011009.3313575345
5,3,3546,2.0,48,0,0,1,City Center,1354388.860749966
1,1,1207,3.0,52,0,1,1,City Center,513529.1131923451
3,3,2304,2.0,64,0,1,1,City Center,900997.3882361663
2,1,4213,1.5,61,0,1,1,City Center,1430153.3599844652
4,2,3064,2.5,16,0,1,1,Suburb,820633.3697036984
3,2,2975,2.0,42,0,1,1,Rural,560851.0470430935
1,1,4110,2.5,24,0,1,1,Suburb,915078.1855160649
4,3,4755,3.0,2,0,1,1,Rural,953375.589549021
1,1,3323,2.0,78,0,1,1,Rural,572241.1075036778
1,3,2235,1.0,28,0,1,0,Rural,463619.0631795835
2,2,2085,2.5,31,0,1,1,Rural,439414.40005006077
4,3,566,3.0,25,0,1,1,Rural,252831.9830355877
4,2,3561,1.0,15,1,1,1,City Center,1553026.4075673053
2,3,2928,1.0,24,0,1,0,Suburb,742254.2746141067
3,3,4653,1.0,53,0,1,1,Suburb,1053562.071603403
1,3,841,1.0,27,0,1,1,City Center,411716.91889694287
5,1,3274,2.0,72,0,1,0,Rural,679652.8387566714
1,1,3317,2.0,55,0,1,1,Suburb,798409.081999633
1,2,3161,2.0,64,0,0,0,City Center,1065164.5140343409
3,2,1732,3.0,92,0,1,0,City Center,740981.6510537928
1,1,4374,3.0,85,0,0,1,Suburb,918005.633824662
2,2,2901,3.0,79,0,0,1,Suburb,667410.352912851
2,1,1994,1.5,40,0,1,1,Rural,441477.1877936343
4,3,4711,3.0,50,0,1,0,Rural,913862.663215584
5,2,1161,2.0,70,0,1,1,Suburb,442360.67744830647
1,2,4383,2.0,77,0,1,0,Rural,778193.8942264752
1,1,4119,1.5,28,0,1,0,City Center,1343136.3480871432
3,2,2368,1.5,82,0,0,0,Rural,469669.43393756694
2,2,2834,3.0,18,0,1,1,Rural,596290.0634617002
5,3,3874,2.5,65,0,1,1,City Center,1443881.6199338457
4,2,1516,1.5,40,0,1,1,Rural,365399.16203735705
2,3,4906,1.0,44,0,1,1,City Center,1683396.335074103
4,1,707,2.0,14,0,1,0,Rural,225532.34336137012
3,2,3165,1.0,2,0,1,1,Suburb,799387.5120778375
3,3,2993,2.0,10,0,1,1,Rural,620467.5366167864
1,1,1132,2.0,52,0,1,1,Suburb,298139.6384812895
5,2,2602,1.5,45,0,0,0,Suburb,709918.4307966854
4,1,3459,1.5,29,0,1,1,Suburb,860949.6984737694
2,2,3583,1.0,56,0,0,1,Suburb,809758.2353928343
3,1,2431,2.0,17,0,1,1,Suburb,627325.9683764982
1,1,4219,1.0,50,0,1,1,City Center,1378918.110003804
1,3,3062,2.5,47,0,1,0,City Center,1073633.8090189262
4,1,2179,1.0,65,0,1,1,City Center,809993.2581898241
3,2,736,3.0,95,0,1,0,Suburb,252604.3063910982
5,2,4943,1.0,7,0,1,1,Rural,932479.3125421094
3,3,2040,3.0,21,0,1,1,City Center,876622.267695884
4,2,4443,3.0,5,0,1,0,Rural,867897.4700382062
4,2,863,3.0,75,0,0,1,Rural,232025.38325492787
3,2,2868,2.5,56,0,1,1,Suburb,722437.4340431751
4,1,785,1.0,35,0,1,0,Suburb,275593.8554283331
3,1,648,1.0,78,0,0,1,Suburb,222467.6871090386
2,2,4537,2.5,91,0,1,0,City Center,1491539.5224834792
3,3,2266,2.0,56,0,0,1,Suburb,613854.3409519761
3,1,1512,1.5,48,0,1,1,City Center,641769.327499865
4,3,3331,1.0,44,0,1,1,City Center,1256045.8018542056
4,2,3007,1.5,81,0,1,1,City Center,1099468.7559971279
1,2,2023,2.5,65,0,0,1,City Center,726178.9672905866
1,1,3285,2.0,76,0,1,1,Suburb,774726.5203081513
2,2,3056,2.0,44,0,0,0,City Center,1066272.8969819364
1,1,4225,2.0,78,0,1,1,Suburb,927985.1729399121
3,2,2101,2.5,19,0,1,1,Suburb,575383.8420778078
4,2,2908,3.0,63,0,1,0,City Center,1113920.632864351
1,1,840,3.0,92,0,1,1,Suburb,257924.39681733097
1,1,3317,1.5,92,0,1,1,Rural,571070.5376669731
2,1,2996,3.0,66,0,1,1,Suburb,718944.335661128
2,2,2225,3.0,82,0,1,0,Suburb,617915.986925146
3,2,2189,2.0,2,0,1,0,City Center,909388.4998547926
4,3,3767,2.0,53,0,1,0,City Center,1423189.536614995
2,1,4906,1.5,77,0,1,1,Suburb,1082226.1500026654
1,2,761,1.0,63,0,0,0,City Center,315250.9594450623
4,2,1942,1.5,39,0,1,1,Rural,448012.3499313246
4,1,905,1.5,58,0,0,0,Rural,235340.40509475174
1,3,2690,2.5,54,0,1,1,City Center,965351.4825670606
2,1,4937,2.5,61,0,1,0,Suburb,1082585.369739943
1,3,743,1.5,3,0,1,1,Rural,223811.2480317812
4,2,4607,1.5,59,1,1,0,Rural,949021.8773551785
5,3,1060,1.5,74,0,0,1,Suburb,450211.5396179948
5,2,4637,3.0,94,1,1,0,City Center,1873296.7728618048
3,1,3225,2.5,95,1,1,1,Rural,726109.7561460529
1,1,1093,1.5,90,0,1,1,Suburb,283347.0027812743
1,1,2326,2.0,29,0,1,0,Suburb,585758.7154905474
3,3,3729,2.0,1,0,1,1,Rural,792129.2590577373
3,2,3787,3.0,61,0,1,1,City Center,1362477.1343003144
3,1,4573,3.0,48,0,1,0,Rural,835509.817619608
4,1,633,1.0,8,0,0,1,Suburb,314416.1017994404
1,2,3638,1.0,91,0,1,0,Rural,641238.9810733965
4,1,4419,1.0,30,0,1,1,City Center,1561582.8702406276
3,2,572,3.0,97,0,1,1,Suburb,260925.27300079595
1,2,4994,3.0,60,0,1,0,City Center,1631038.0215531434
4,2,4725,3.0,78,0,1,1,Rural,824904.1400648525
4,2,3478,2.0,47,0,1,1,Rural,674802.9943667495
3,2,4861,3.0,24,0,1,1,City Center,1714625.0232344847
1,3,2485,2.0,35,0,0,1,Rural,505163.7724429545
3,1,1292,1.0,7,0,1,1,City Center,633416.752735315
1,3,4759,1.0,72,0,0,1,Rural,822719.2241532622
5,1,594,1.0,57,0,0,0,City Center,429973.13107366906
2,3,1633,1.5,44,0,1,1,City Center,697776.695761299
2,2,737,1.5,61,0,1,1,Suburb,274510.329064092
2,1,3446,2.5,38,0,1,1,Suburb,825290.3189573577
3,1,3030,2.5,95,0,1,1,City Center,1031958.3593276576
5,3,2460,2.5,57,0,1,1,Rural,523677.5701843269
1,3,1548,1.5,80,1,1,1,Rural,419727.73707331886
4,1,3029,1.5,98,0,1,1,Rural,606245.4296212204
1,3,3464,2.5,82,0,1,0,City Center,1176313.5847065193
4,3,1463,2.5,63,0,1,1,City Center,746089.5493331179
1,3,1036,3.0,43,0,1,1,City Center,496134.3993723065
5,2,4723,2.5,28,0,1,0,City Center,1662865.6537979625
4,2,4179,3.0,58,0,0,1,Suburb,969989.5622323704
3,3,4687,2.0,70,0,1,1,City Center,1626534.4090804833
1,3,4224,1.5,91,1,1,0,Rural,878319.746604837
1,2,1042,2.5,8,0,1,0,Suburb,302279.05679794063
4,2,1345,1.5,91,0,0,0,Rural,327012.01929515676
3,1,4103,1.5,5,0,1,1,City Center,1469288.5689261488
3,1,3536,1.5,28,0,1,0,Suburb,819676.3100111168
5,2,2994,2.0,57,0,1,0,City Center,1204678.9303014786
3,3,4985,1.0,16,0,0,1,Suburb,1140683.524416236
3,3,3219,2.5,15,0,1,0,Rural,626043.0481446114
3,3,2384,1.0,86,0,1,0,City Center,867469.4371318364
2,3,4638,1.0,94,0,1,0,City Center,1576416.0174673041
5,1,4849,1.0,2,0,1,1,Suburb,1154372.0719336476
1,2,3701,1.5,20,0,1,1,Suburb,840717.8502633902
4,3,3210,3.0,63,0,1,0,City Center,1178896.5391142042
1,1,2453,1.5,89,0,0,1,Suburb,533868.7269108259
5,3,4350,1.5,35,0,0,1,City Center,1649536.134691903
4,2,1189,1.0,85,0,1,0,Suburb,316687.81240597204
5,1,2450,1.5,61,0,1,0,Rural,497808.5399741862
3,2,956,1.0,41,0,0,0,Suburb,360519.5992510553
4,2,2630,3.0,75,0,1,1,Rural,574024.326176738
3,1,4476,2.5,41,0,1,1,Suburb,1012934.358292968
1,1,4744,1.0,60,0,0,0,Suburb,1013889.8774233826
1,1,1679,3.0,12,0,1,1,City Center,678773.4351173602
4,1,4785,2.5,10,0,0,0,Suburb,1112845.9645451817
4,1,4065,2.0,53,0,0,1,Suburb,991111.2552402294
5,1,1382,1.0,15,0,0,1,Rural,363613.8551364488
5,1,899,1.0,7,0,1,0,Suburb,384687.90727407596
3,3,1108,2.0,58,0,0,1,City Center,548439.9692273904
4,2,2138,2.0,56,0,0,0,Rural,404870.27968183835
1,1,2648,1.0,39,0,1,1,City Center,892839.6811660879
5,3,1882,2.0,58,0,1,0,City Center,818978.0537673493
5,3,1903,1.5,1,0,1,1,City Center,890167.8535680999
1,3,1319,2.5,93,0,1,0,City Center,584160.3559753598
5,2,3792,2.5,93,0,0,1,Rural,736580.2865718863
3,1,1319,2.5,75,0,1,0,Suburb,371155.29744838085
4,3,919,1.5,9,0,1,1,City Center,596163.9499038912
1,2,4719,2.0,43,0,1,0,Rural,797542.9081124563
4,2,3802,3.0,10,0,1,1,City Center,1405857.620746294
5,2,2008,2.0,78,0,1,0,Suburb,546666.783651499
5,3,1267,1.0,79,0,0,0,Rural,341071.03898670344
1,1,2544,2.5,80,1,1,1,Rural,607435.9073088492
3,3,2639,2.0,89,0,0,0,Suburb,660087.1388006808
2,3,3529,3.0,1,0,1,0,Rural,704422.9120804728
1,1,2049,1.0,49,0,1,1,Suburb,481272.27201955137
2,1,2264,1.5,11,0,1,1,Rural,467858.9964529035
2,1,3145,1.5,89,0,1,0,Rural,544604.0532304903
3,2,4216,3.0,22,0,1,1,Suburb,1019053.4733751949
2,1,4981,1.0,17,0,1,1,Suburb,1100184.924883417
2,3,2793,2.5,61,0,1,0,Rural,520442.2609924906
3,1,3208,2.0,95,0,1,1,Rural,596225.4858958022
2,3,1400,1.0,61,0,1,1,Suburb,356672.0958913828
2,2,3584,1.5,37,0,1,1,Suburb,877659.2517999002
2,3,2509,3.0,66,0,1,0,Rural,522967.47492279246
1,3,741,3.0,37,0,1,1,Rural,228184.24625619507
1,1,2885,2.0,66,0,1,0,Rural,478607.88136513124
1,1,4768,3.0,93,0,1,0,Suburb,999595.2454231647
3,3,1171,3.0,60,0,0,0,Rural,300373.9608717963
5,1,663,1.0,0,0,1,1,City Center,469822.38072436984
2,2,964,2.5,93,0,1,1,Suburb,251585.87586381318
2,2,3542,2.0,44,0,1,1,Rural,632209.2748615965
3,1,2942,1.0,95,0,1,1,Suburb,678822.6400771606
2,2,2855,2.5,27,0,1,0,City Center,1017917.7650354042
1,1,4778,1.0,20,0,1,0,Suburb,1079884.6830970815
5,3,3057,1.0,12,0,1,0,Rural,664683.4589851458
4,3,1045,3.0,26,0,1,0,City Center,573913.3972690243
2,2,4335,2.5,99,0,1,1,City Center,1476728.8707003929
1,1,1093,2.0,6,0,0,1,Rural,276672.66471684224
4,1,4304,2.0,21,0,0,0,Rural,811463.958909673
5,2,1959,2.5,73,0,1,0,Rural,445250.34416340117
4,3,3993,3.0,52,0,1,0,Suburb,965138.154794254
1,2,3101,1.5,78,0,1,1,Suburb,690201.5323054586
4,3,2944,1.0,78,0,0,1,Suburb,701380.2020198037
3,1,3172,3.0,3,0,1,1,Rural,668528.21887745
4,3,4700,2.5,95,0,1,1,Rural,862987.1695307196
2,2,516,1.0,22,0,1,1,Suburb,232905.01524280832
2,1,3691,2.0,69,0,0,0,City Center,1205293.8035924844
3,2,892,1.5,87,0,1,0,Suburb,285913.73708476673
1,2,924,2.0,83,0,1,1,City Center,473719.43559674354
2,3,1071,2.5,83,0,1,1,Rural,250010.05240636933
5,2,4131,1.0,75,0,1,0,Rural,823174.8943635388
2,3,1620,2.5,32,0,1,1,Suburb,469804.86207115254
2,1,741,1.0,27,0,1,1,Suburb,276698.4615873661
1,3,4397,3.0,7,0,1,1,Rural,847834.5063849062
4,1,4595,1.5,0,0,0,1,Suburb,1083306.68461015
2,3,2779,3.0,36,0,1,1,Rural,553447.3210904928
3,2,1288,3.0,62,0,1,1,Rural,312627.72554293904
4,3,1214,2.5,21,0,1,0,City Center,640889.2879588415
5,3,3349,1.5,69,0,1,0,Suburb,894409.2639228853
1,1,1275,1.0,20,0,1,0,Rural,238896.85557099024
5,2,4526,1.0,95,0,1,0,Suburb,1008431.8260551802
4,3,2747,2.0,34,0,0,1,City Center,1040998.6770700559
4,2,578,1.0,78,0,1,1,City Center,362551.71416068944
4,3,4426,2.5,4,1,1,0,Suburb,1248202.076929959
5,3,1355,3.0,59,0,1,1,Suburb,485535.48231010494
4,2,2648,3.0,45,0,1,0,Rural,538492.4339648323
5,3,1531,3.0,49,0,0,0,City Center,736837.711808504
4,2,3771,1.5,47,0,1,0,City Center,1334392.5341228042
3,3,4076,1.0,5,0,1,0,City Center,1448461.1928148407
4,1,4682,2.5,88,0,0,0,Suburb,1064396.6709752886
5,2,3956,1.5,55,0,1,1,Rural,799152.10152771
2,3,4006,2.0,58,0,1,1,Suburb,920279.5293892465
4,3,907,2.5,28,0,0,1,Suburb,400775.3780207701
2,1,3211,2.5,70,0,1,0,Suburb,758840.1337196528
3,2,3588,2.5,76,0,1,0,Rural,713473.1463063888
1,3,2168,3.0,17,0,1,0,Suburb,557576.548272627
3,1,647,2.5,1,1,1,1,City Center,685117.1561408162
4,3,4827,1.0,7,0,0,0,City Center,1767338.5659993943
2,2,4397,2.5,74,0,0,1,City Center,1459537.0616660996
2,3,2450,3.0,96,0,1,1,Rural,481745.77404079784
5,3,865,2.5,53,1,1,1,Suburb,495307.03743984003
2,3,2174,2.0,37,0,1,1,Rural,432434.6225959793
5,3,4994,2.0,47,0,0,0,Suburb,1151986.2164683426
1,1,3046,3.0,26,0,1,0,City Center,1039013.3467053177
4,1,1062,1.0,19,0,1,0,Suburb,369768.44947463926
5,2,4062,1.0,11,0,1,1,Suburb,987670.0115144663
1,1,2989,1.5,42,0,1,0,Suburb,685404.0638646717
2,1,1272,3.0,60,0,0,0,Rural,282141.12877987383
2,2,2537,2.5,30,0,1,1,Suburb,628146.8901531405
1,1,3923,3.0,90,0,1,0,Suburb,848034.0723857674
2,1,3067,1.5,95,0,1,1,Suburb,680202.1901828422
1,2,2073,3.0,60,0,1,1,Rural,403911.5056680887
5,2,4194,3.0,73,0,1,0,Rural,785618.4256383947
5,2,3791,1.5,66,0,1,0,Rural,740262.6172445704
1,3,1746,1.0,90,0,1,0,Suburb,419186.35336350417
5,3,4219,2.5,34,0,1,1,City Center,1544798.353101555
5,2,4339,1.5,94,0,1,1,City Center,1549785.7222212134
5,2,859,2.0,14,0,1,1,City Center,570382.2800321366
3,2,2876,1.0,15,0,1,1,Suburb,755492.4633911027
4,3,3509,2.0,12,0,1,1,City Center,1318090.0656348956
2,3,3493,1.0,34,0,1,0,City Center,1235376.8173322254
3,1,1462,2.5,74,0,1,0,City Center,610112.3851272431
5,1,4132,2.5,58,0,0,1,Suburb,967349.0030796935
1,2,2327,3.0,20,0,1,0,City Center,884872.7995951956
5,3,2113,2.0,53,0,1,0,City Center,929098.3221870984
4,3,2140,1.0,74,0,1,1,Suburb,597982.3839047767
5,3,2716,2.5,29,0,1,1,Rural,637451.6808326066
1,2,4812,1.5,47,0,1,1,City Center,1608201.9268614613
4,1,877,2.5,34,1,1,1,Rural,388567.2777870357
5,2,4714,1.5,85,0,1,0,City Center,1641861.6128350866
4,1,4785,1.0,37,0,1,1,Suburb,1100403.3972955795
2,1,869,2.5,30,0,1,0,Rural,202434.74615399816
2,2,2696,2.5,77,0,1,0,Rural,470417.24532624945
5,1,4247,1.0,23,0,1,1,Rural,829913.9031932766
4,1,1151,2.5,48,0,0,0,Rural,321550.82343907666
1,3,1269,1.5,95,0,1,1,City Center,507447.1269174316
5,1,2921,2.5,99,0,1,0,City Center,1122977.353975815
2,2,1280,2.0,31,0,1,1,Rural,303987.18917296326
2,2,2216,3.0,54,0,1,0,City Center,792955.7004721748
5,1,4483,1.5,78,0,1,1,Rural,859036.2313432401
4,3,1811,2.0,57,0,1,1,Rural,414977.7940690464
2,3,3859,1.0,98,0,1,0,Suburb,898019.4669380004
4,1,1022,1.5,2,0,1,0,Rural,260781.812901709
2,1,1021,3.0,79,0,1,0,City Center,452351.10405369126
2,2,2820,3.0,68,0,0,0,Rural,511988.47291139216
3,1,1435,1.0,84,0,1,1,Suburb,395035.1216640589
2,3,2730,1.0,9,0,1,1,City Center,1063915.1673643838
1,1,4540,1.5,82,0,0,0,Suburb,972860.0250323472
5,2,4197,2.5,24,0,1,0,Suburb,1031634.1958257523
5,2,3337,1.0,67,0,1,0,Rural,628658.5223446945
4,2,4583,2.5,60,0,0,1,Suburb,1082358.6045137942
2,2,2961,2.0,28,0,1,0,Suburb,743985.76094989
1,2,3743,3.0,18,0,1,1,City Center,1278325.0743960864
4,1,3859,2.5,42,0,0,1,Suburb,890899.26964235
3,1,1185,3.0,65,0,1,0,Rural,310438.9339508228
4,1,2660,2.5,73,0,1,1,Rural,529188.9609357683
4,1,4488,2.0,60,0,1,1,Rural,808327.1665648605
2,2,4566,1.0,42,0,1,1,Suburb,1039013.8603379818
3,3,2067,2.0,24,0,1,0,City Center,848636.8903011396
4,1,538,1.0,19,0,1,0,Rural,210506.05328514954
1,3,3044,1.0,47,0,0,1,Suburb,699969.8332288413
1,1,1756,3.0,82,0,1,1,Rural,331972.2294979864
5,1,3490,2.0,86,0,1,1,Rural,703759.9345964363
3,3,2696,2.5,23,0,0,1,City Center,988586.8829968749
3,2,3968,2.0,10,0,1,1,Rural,776748.7688608811
5,1,3208,3.0,97,0,1,1,City Center,1205786.2694566622
4,1,801,1.0,54,0,1,0,Suburb,277650.1464705586
3,1,1146,3.0,27,0,1,1,Rural,320004.13385907875
1,3,2259,1.5,68,0,1,1,Suburb,531324.4008289794
1,2,4851,1.5,62,0,1,1,Suburb,1045200.4113584093
2,3,1097,2.5,58,0,1,1,Suburb,333520.82391022414
3,3,1161,3.0,4,0,1,0,Rural,351942.3040900646
4,2,4830,2.5,50,0,1,1,City Center,1649126.3078333042
5,3,1868,2.5,20,0,1,1,Rural,509883.68065063935
5,2,3081,1.5,11,1,1,0,Suburb,950576.5358471528
4,1,4368,2.5,49,0,1,1,City Center,1547772.803853934
2,2,4037,1.5,3,0,1,0,Suburb,956617.6980340932
5,1,4808,1.0,41,0,1,0,City Center,1685430.794705163
3,3,782,3.0,83,0,0,0,Rural,212902.848463061
2,3,4178,2.5,37,0,1,1,City Center,1500459.3140731964
3,1,1986,1.5,24,0,1,1,Rural,413288.7183569724
1,3,4582,2.0,13,1,0,1,Suburb,1171618.7835569773
2,2,4683,2.5,74,0,1,1,City Center,1592592.7570880884
5,1,960,1.0,31,0,1,1,Suburb,365143.74048842175
2,3,2825,1.0,10,0,1,0,City Center,1098945.539377905
2,1,4254,2.0,60,0,1,0,Rural,755073.3227136125
2,2,2968,1.5,17,0,1,1,City Center,1075128.1156826064
2,2,2224,2.5,26,0,1,0,City Center,868318.5868255974
3,3,1876,1.5,54,0,0,1,Rural,401369.5710978149
1,2,3243,1.0,53,0,1,1,Rural,578131.9372173573
4,1,1014,1.5,81,0,1,1,Rural,284637.20484139683
2,2,1202,1.0,86,0,1,1,City Center,551888.8766818757
5,1,2153,1.5,74,0,1,0,Suburb,569938.4552020377
2,1,2566,2.0,20,0,1,0,City Center,917931.4703428517
5,2,522,3.0,43,0,1,1,City Center,435513.59125250456
3,3,2960,2.0,4,0,0,0,Suburb,767870.030747398
5,2,1804,2.0,86,1,0,1,Rural,536676.9882119368
4,1,3800,3.0,40,0,1,0,City Center,1394855.7923617929
1,1,861,3.0,58,0,1,1,Suburb,274827.2459568925
5,2,4227,2.5,88,0,1,1,Rural,779534.7632972522
5,3,1784,2.5,53,0,1,1,Rural,429907.0412339806
1,3,1014,2.0,73,0,0,0,City Center,402429.1470006169
4,1,948,2.0,21,0,1,0,Rural,303896.9836407547
2,1,2355,1.0,82,0,1,1,Rural,394202.818368215
5,3,4062,1.0,64,0,1,0,Suburb,958316.6917344421
1,2,3020,2.5,63,0,1,1,Suburb,687204.9383498707
3,1,3581,2.5,70,0,1,1,Rural,681057.9350776204
1,1,1928,1.0,3,0,0,1,Suburb,466058.6646573587
3,3,4467,1.0,64,0,1,1,Rural,819989.2646571377
4,2,1422,1.5,14,0,1,0,City Center,673711.8031681825
2,3,3637,1.5,75,0,1,1,Suburb,851719.5655589561
1,2,2659,1.0,21,0,1,1,Rural,482527.21161824994
5,2,3047,1.5,85,0,0,1,Rural,583840.5737987988
4,2,3479,3.0,46,0,0,1,Suburb,894823.0924698972
1,1,2781,2.5,80,0,1,1,Suburb,638759.9774299252
5,3,3149,2.5,92,0,1,0,City Center,1220969.5542963212
1,3,813,1.0,45,0,0,0,Rural,209530.71328638043
3,2,3113,2.0,13,0,0,1,City Center,1153142.9937939316
1,1,3583,1.0,49,0,0,0,City Center,1184578.273652382
1,1,2756,1.5,19,0,1,1,City Center,991990.3420919033
1,3,1537,2.0,49,0,0,1,Suburb,434051.891867293
4,1,3989,1.5,32,0,1,0,City Center,1413286.0110045164
1,1,3134,3.0,58,0,1,0,Suburb,731684.4139069581
5,2,4483,1.5,42,0,1,1,Suburb,1016444.5802792595
3,1,2278,3.0,78,0,0,0,City Center,857207.1752431281
3,2,4395,3.0,11,0,1,1,City Center,1554577.3510814048
1,3,1624,1.5,39,0,0,1,Rural,360074.56115754246
4,1,1197,1.5,19,0,1,1,City Center,579866.8068576034
4,3,2679,3.0,93,0,1,1,Rural,522272.6367480556
5,3,1904,2.0,37,0,1,0,City Center,874442.6007829166
1,1,1543,3.0,2,0,1,1,City Center,596361.73691697
3,1,2429,2.5,27,0,1,0,City Center,919708.0642944323
4,3,1513,3.0,55,0,1,0,City Center,692339.2577223962
1,1,726,2.0,89,0,1,1,Rural,164184.18654266308
4,2,2328,2.5,93,0,1,1,Rural,505210.2279899318
4,2,2523,1.0,12,0,1,0,City Center,998153.8678636377
3,1,2952,1.0,76,0,1,1,City Center,1053964.4386853152
2,3,2585,2.0,65,0,1,1,Rural,534083.6509556771
5,1,4783,3.0,36,0,1,0,Suburb,1113418.6237301554
5,1,1580,1.5,48,1,1,0,Suburb,609681.1617820224
3,3,2820,2.0,65,0,1,1,Suburb,745733.2225550052
4,3,3690,2.5,35,0,1,1,Rural,736415.2840055523
1,2,3130,2.5,53,0,1,1,Rural,594328.4698282969
4,3,3063,1.0,25,0,0,1,Suburb,797639.0273089806
3,2,3792,2.5,74,0,1,0,Suburb,853950.3098480506
5,3,4086,2.0,71,0,1,1,City Center,1483528.1030957
4,1,4931,2.5,39,0,1,1,Rural,920743.6840885004
5,2,3447,2.0,42,0,1,1,Rural,647037.1278319089
1,2,4459,1.5,21,0,1,0,Suburb,993517.5595740394
5,2,3313,1.0,19,0,0,0,Suburb,816467.9031901804
5,1,3083,2.5,7,1,1,0,Rural,788242.6535494163
2,1,661,2.0,28,0,0,1,City Center,365952.88632887375
2,1,1093,3.0,39,1,0,1,Suburb,503881.15743476694
2,1,3759,1.0,89,0,1,1,Rural,664861.8841611661
5,1,4655,1.5,29,0,1,0,Rural,876352.7701808244
3,2,3462,2.0,80,0,1,0,City Center,1210976.762023011
5,1,4388,1.5,83,0,1,1,City Center,1522823.2650111227
3,2,3890,1.5,54,0,0,1,Suburb,970616.4084763996
3,1,1163,2.5,15,0,1,1,Suburb,397779.2378948305
2,3,1632,2.5,45,0,1,0,Suburb,434745.2863515804
4,2,1041,2.0,61,0,1,1,Rural,356142.72172905446
1,3,3474,3.0,6,0,1,0,Suburb,821675.5016249432
2,2,1367,2.0,79,0,1,0,Rural,307148.8000044214
2,3,2566,3.0,44,0,1,1,Suburb,679689.9342967967
4,1,931,1.5,58,0,0,0,City Center,426101.1518231875
1,1,4778,1.0,55,0,1,0,City Center,1521466.8299587725
5,1,1706,2.0,47,0,1,1,Rural,447364.12061426725
5,2,3028,2.0,26,0,0,1,City Center,1175779.2834165902
2,3,1669,3.0,52,0,0,1,Rural,395206.7529190218
1,1,1330,1.5,86,0,1,1,Rural,253063.28898384137
2,3,2151,1.5,87,0,1,0,City Center,806423.509862829
3,3,1636,3.0,72,0,0,0,Rural,413591.4216519125
2,1,3310,1.5,34,0,1,1,City Center,1169687.8060574506
2,1,975,2.5,50,0,1,1,Suburb,293878.80582672503
5,3,3310,1.0,83,0,1,1,Suburb,818415.9134799289
5,1,1826,2.0,36,0,1,0,City Center,783503.1151896699
5,1,1519,1.0,80,0,1,1,City Center,704239.0007684273
3,1,2336,2.0,94,0,1,0,City Center,866937.457715973
5,2,4756,2.5,56,1,1,1,City Center,1892333.0841981603
1,3,2948,1.5,7,0,1,1,Suburb,725779.4639217675
4,3,4793,3.0,78,0,1,1,Rural,898009.5882048499
1,2,1783,2.5,94,0,0,1,Rural,349582.31923920737
1,3,1159,1.0,93,0,1,1,Suburb,305210.7220214658
5,1,2510,3.0,19,0,1,1,Rural,577445.1402912356
4,3,898,1.5,52,0,1,1,Suburb,351066.5180678494
4,1,2233,2.5,11,0,1,0,Rural,496215.9129396352
4,2,2625,3.0,48,0,1,1,City Center,1016882.7443971421
3,1,2671,2.5,16,0,1,0,City Center,992192.171558236
5,3,574,2.5,63,0,1,1,City Center,525137.7777316725
4,3,3971,1.5,41,0,1,1,Suburb,1016201.9988106671
3,3,1336,2.0,93,0,1,1,Suburb,398957.9709279272
2,2,999,3.0,28,0,1,0,Rural,302965.0987681735
2,2,637,1.5,18,0,1,0,Rural,235038.43785656075
3,3,2597,2.5,10,0,1,1,Rural,541889.7242737715
3,1,4196,1.5,97,0,0,1,Suburb,910076.6699649466
5,2,2385,2.0,49,0,1,1,Rural,542716.915633783
5,3,3257,3.0,70,0,1,0,City Center,1261101.5159528207
2,3,4420,2.0,57,0,1,1,Rural,802349.8845915319
4,2,2400,1.0,33,0,1,1,City Center,983280.6635937184
2,2,3110,3.0,19,0,1,0,Suburb,721437.9268601764
4,2,4486,2.0,49,0,1,0,City Center,1581925.0381963113
4,1,1949,2.5,87,0,1,1,City Center,747226.908660931
5,1,1046,3.0,9,0,1,1,City Center,569400.2164118735
1,3,2503,3.0,31,0,1,1,Suburb,612430.8802586899
1,2,2596,1.5,51,0,1,1,Suburb,625282.1819085997
3,1,1203,2.5,14,0,1,1,Suburb,369219.07477788423
5,2,2903,1.0,83,0,1,1,Suburb,708647.2848012404
4,3,2125,2.0,2,0,1,0,Rural,507131.23006692366
1,1,3831,1.5,36,0,0,0,Suburb,878018.6761110259
4,1,3478,2.0,39,0,1,1,City Center,1285121.2608550503
1,1,3339,1.0,71,0,1,1,Suburb,782344.9681148411
1,3,3884,1.0,39,1,1,1,Rural,869069.4598400648
1,2,3159,3.0,55,0,1,1,Rural,575254.2946872516
5,1,2361,1.0,22,0,1,0,Rural,528763.9954841028
2,3,3356,2.0,10,0,1,1,City Center,1237009.230161121
4,2,1185,2.5,63,0,0,0,Suburb,404552.4945299515
5,3,4783,2.5,7,0,1,1,Suburb,1173304.7110684107
5,2,2119,3.0,92,0,1,1,Suburb,568082.5872697684
5,3,1931,2.0,93,0,1,1,City Center,873885.1485587563
5,2,1375,2.0,55,0,1,1,City Center,686694.8887680842
5,1,2961,1.0,59,0,1,0,Rural,577571.7582172692
3,2,1865,2.0,9,0,0,1,Rural,406331.84249815444
4,3,1743,1.5,38,0,1,0,Suburb,505351.9838890379
5,3,662,1.0,27,0,1,1,City Center,475806.3141822571
4,2,2474,1.5,48,0,1,1,City Center,968012.1164439112
3,1,3791,3.0,35,0,1,1,Suburb,905025.5303432802
3,1,769,2.5,12,0,1,1,Suburb,301901.51675465447
4,2,1131,3.0,95,0,1,0,Rural,280004.576590446
1,2,1405,2.5,35,0,1,1,Rural,350187.6867199306
2,3,3971,3.0,25,1,1,0,Rural,823094.163153009
1,1,3753,2.0,85,0,1,1,Suburb,825753.3978788927
1,2,2514,1.5,3,0,1,0,Suburb,615231.0186295601
1,1,2141,2.5,94,0,1,0,Rural,366705.469255088
5,2,704,1.0,81,0,1,1,Rural,249351.35864469295
3,2,1081,1.5,63,0,1,1,City Center,515306.29469097115
1,1,1340,1.0,37,0,1,0,City Center,555426.8366553474
3,2,2219,1.5,87,0,1,0,Rural,467941.63106028666
4,2,3143,1.5,86,0,1,1,Rural,662133.2684093496
2,3,2797,3.0,21,0,0,0,City Center,1036267.0517371502
4,2,1374,2.5,1,0,0,0,Rural,392353.8622436879
4,2,1189,2.5,30,0,1,1,City Center,586303.6307996145
5,2,4500,1.5,10,0,1,0,City Center,1635984.0875181106
2,3,3641,2.0,91,0,1,1,City Center,1252418.8236841431
4,1,1922,2.0,45,0,1,1,Suburb,546961.1353227352
4,3,1171,1.0,95,0,1,1,Suburb,396156.8949560888
2,3,1671,1.0,61,0,0,1,Rural,336444.5101693007
2,1,4226,3.0,68,1,1,1,City Center,1660754.8043496103
4,3,1443,1.5,63,0,1,0,Suburb,440087.7729289027
2,1,1949,1.0,9,0,1,0,Rural,383820.0660012076
4,3,4237,1.0,39,0,1,1,Rural,818025.4659464419
4,1,3039,1.5,23,0,1,0,Rural,570118.8959659371
5,2,4459,3.0,98,0,1,1,Rural,865522.6587497193
1,3,4760,1.0,43,0,1,1,Rural,851009.479738957
4,3,2861,3.0,59,0,1,0,City Center,1113206.359455049
3,3,4152,2.5,61,0,1,1,Rural,783740.8343228373
1,3,4170,3.0,86,0,1,1,City Center,1445171.2521672945
1,2,2253,2.0,16,0,0,1,Suburb,595571.9422207455
1,3,2852,2.0,64,0,1,1,Rural,576489.0273349796
5,2,2438,3.0,94,0,0,1,Suburb,638473.958893529
4,2,870,2.0,94,0,1,1,City Center,440109.3771877516
5,2,4979,2.5,56,0,1,1,City Center,1762550.513927902
4,2,2431,1.5,54,0,1,1,Suburb,649560.0105181795
5,1,924,2.0,52,0,1,0,Rural,295355.25759733195
5,1,1394,2.0,55,1,0,0,Rural,468819.5685275061
3,3,1097,3.0,97,0,1,1,Suburb,330237.64309526037
5,1,3562,2.5,8,0,1,0,Suburb,882514.6132414945
2,1,2836,1.5,21,0,1,0,Suburb,663546.586718777
3,3,2187,3.0,12,0,0,1,Rural,498596.3262601455
5,3,1072,3.0,88,0,1,0,Rural,326409.9363309992
1,3,2590,2.5,47,0,0,1,Rural,518965.79720202176
2,1,4169,1.5,17,1,0,1,Suburb,1100325.8963668088
2,1,4772,2.5,75,0,1,1,Rural,788040.0122557839
2,3,2133,1.5,39,0,1,1,City Center,803753.5080431298
3,2,2017,2.5,16,0,1,0,Suburb,554395.309216509
5,3,4793,3.0,14,0,0,1,Rural,935731.9480116598
5,2,3157,3.0,14,0,1,1,Suburb,865741.6396788245
1,2,4148,1.0,78,0,1,1,City Center,1367844.878699876
1,3,4088,2.0,62,0,1,1,City Center,1365501.2667285088
2,3,2037,2.5,38,0,1,0,Suburb,562454.1201944342
1,3,3637,1.0,12,0,1,1,Suburb,855968.7076783939
3,1,597,2.0,80,0,1,0,City Center,326548.63036164915
5,2,3715,2.5,31,0,1,1,Suburb,894635.0148007473
2,1,4250,1.5,8,0,1,1,City Center,1462379.6752027809
1,1,3657,2.0,39,0,1,0,City Center,1231070.4477744866
3,3,843,3.0,19,0,1,0,Rural,246376.34239734875
3,1,1110,1.0,89,0,1,0,Suburb,336108.9447051569
1,3,2227,2.0,90,0,1,1,Suburb,556769.9199662745
5,2,2790,2.0,84,1,0,1,Rural,690022.8145598244
1,3,2354,3.0,81,0,1,0,City Center,855743.071448551
2,1,3108,2.5,76,0,1,1,Suburb,739750.9436666062
1,1,2579,1.5,79,0,1,0,Rural,472228.2592195258
3,3,2824,3.0,72,0,1,1,Rural,553483.613776291
1,3,1677,1.5,62,0,1,0,Suburb,431958.7929099963
5,1,1591,2.5,75,0,1,1,Rural,392481.235048402
4,2,3291,2.0,43,0,1,1,City Center,1181741.9768916985
1,2,2249,1.5,37,0,1,1,Rural,419751.84878025926
5,3,3175,1.0,82,1,1,1,City Center,1455553.4416584743
5,2,1281,1.0,59,0,0,1,City Center,655271.9401054028
3,1,3548,3.0,70,0,1,1,Suburb,855126.2185067004
5,3,2605,2.5,98,0,0,1,Rural,569932.3328061946
5,1,4367,3.0,47,0,1,1,City Center,1570593.596566786
5,1,2613,3.0,17,0,1,1,City Center,1037927.4147578077
5,2,4470,3.0,15,0,1,0,Rural,868284.4153856691
2,3,2491,1.0,54,0,1,1,City Center,889468.2737345204
2,3,1567,1.0,38,0,1,0,Rural,388036.4021552688
3,2,2077,3.0,67,0,1,1,Suburb,531472.1799381423
1,1,1511,1.0,58,0,1,1,City Center,553966.3559994199
5,1,2774,2.5,88,0,1,1,City Center,1081415.4763160143
1,1,2314,3.0,95,0,1,0,Rural,379874.3260722614
1,1,2926,1.0,61,0,1,0,Rural,494024.9343993642
3,3,4902,1.5,12,0,1,1,Rural,928219.2835956283
5,3,3051,3.0,80,0,1,1,Rural,649169.5103766869
5,2,4157,3.0,5,0,1,0,City Center,1549057.480120646
4,2,507,2.5,82,0,1,1,Suburb,246922.9221766023
1,3,3055,2.0,76,0,1,1,Suburb,744709.4488473611
1,3,975,2.0,59,0,0,1,Suburb,311407.9611265163
2,1,2711,2.5,89,0,1,0,Suburb,637729.2483631887
4,1,984,2.5,13,0,1,1,Rural,309631.16231984354
2,2,2785,2.5,94,0,1,0,City Center,971235.2431327845
2,3,4025,2.0,53,0,1,1,City Center,1462079.1416035756
2,2,3839,2.5,3,0,1,0,City Center,1305511.712041688
3,3,3322,1.0,38,0,1,0,Rural,688768.0256029696
3,1,3424,3.0,71,0,1,0,City Center,1221502.6879685777
2,2,758,3.0,24,0,1,0,Rural,233887.20628877135
4,2,782,1.5,76,0,1,1,City Center,453350.7239400528
1,3,2398,1.5,31,0,1,0,Suburb,592711.1675715724
4,1,4635,3.0,58,0,0,0,Rural,873986.0896990852
5,2,3476,1.0,62,0,1,1,City Center,1295303.3881500028
3,1,2767,2.0,37,0,1,0,Suburb,661702.8815119228
1,2,3700,2.0,91,0,1,0,Suburb,837049.572133042
1,1,1112,1.0,52,0,0,1,Suburb,331019.15585149644
5,3,1187,2.0,93,0,1,1,Rural,280540.7719230312
5,2,4190,2.5,66,0,1,1,Rural,868927.2957692579
2,2,1112,3.0,27,0,1,1,City Center,512431.71756175894
3,1,2807,3.0,2,0,1,1,Suburb,691392.5430871162
3,1,3513,1.0,97,0,0,0,City Center,1145027.7570126846
4,2,2281,2.0,79,0,1,1,City Center,902571.2263116157
2,3,3091,1.5,21,0,1,1,Suburb,733207.0428757841
2,1,3196,1.5,95,0,1,1,City Center,1049843.4984037278
2,1,4458,2.0,37,0,0,1,Rural,777266.2488104096
2,1,1074,1.5,71,0,1,0,City Center,456161.3918798585
3,2,2410,1.0,71,0,1,1,Suburb,612371.3399741878
3,2,4104,1.0,61,0,1,1,Rural,791269.9319852521
2,2,1169,2.0,56,0,0,1,Rural,303093.7193298728
4,2,4864,1.5,5,0,1,0,City Center,1747315.2828524401
1,3,1783,1.0,77,0,1,0,City Center,665609.5707233569
1,3,1423,1.0,31,0,1,0,Rural,273250.4555500853
4,2,1625,2.5,98,0,1,1,City Center,648667.1400424001
2,3,2029,2.5,9,0,1,0,Suburb,584243.2469027453
3,1,2094,1.0,2,0,1,0,City Center,857793.8617926843
1,1,746,2.0,58,0,0,1,City Center,314882.38843889884
5,1,4211,3.0,75,0,1,0,Rural,759741.593717564
5,2,2060,3.0,48,0,0,1,City Center,855821.2244207727
4,1,2900,1.0,58,0,1,0,City Center,1070867.3575549882
2,3,2743,1.0,30,0,1,1,City Center,1037314.0249963735
1,2,4364,1.0,92,0,1,1,Suburb,972863.281828175
2,3,2439,2.0,68,0,0,1,City Center,894441.1385698126
1,1,3569,2.5,61,0,1,1,Suburb,789699.0992874589
4,1,726,1.0,51,0,1,0,Suburb,307833.032649161
4,1,4047,1.0,88,0,0,0,Suburb,862272.6274653091
5,2,764,1.5,40,0,0,0,Suburb,328236.32367292565
2,3,1895,2.0,30,0,0,1,Rural,402844.2805342016
5,2,4057,1.0,84,0,1,1,Suburb,987218.9944738436
2,2,1145,1.5,83,0,1,1,City Center,507815.1650715336
5,1,3490,3.0,21,0,1,1,Suburb,865092.2588902584
3,2,2399,1.0,3,0,0,0,City Center,922266.6285880255
3,2,3004,1.0,12,0,1,1,Suburb,697250.6143613079
3,1,3272,1.5,44,0,1,1,Rural,642669.7874565455
3,2,1654,2.0,41,0,1,0,Suburb,476294.3455016158
1,1,1087,1.0,48,0,1,1,Suburb,333362.8088862928
3,1,2321,3.0,19,0,0,0,Rural,465774.9990959863
4,1,1485,1.0,76,0,0,1,Suburb,436858.3899412006
4,1,4579,3.0,80,0,0,1,City Center,1534451.8488608964
1,2,3848,2.5,53,0,1,0,Suburb,797980.2550535259
3,1,4331,2.5,35,0,0,1,Suburb,988837.1514908058
3,1,1741,3.0,96,0,1,0,Suburb,436032.95612367435
3,2,689,2.0,0,0,1,1,Rural,215969.464355382
5,2,1480,1.0,14,0,1,1,Suburb,511452.6348371654
2,3,2198,1.0,76,0,1,0,Suburb,581806.1668385889
5,2,2215,2.5,16,0,1,1,City Center,966385.5319841466
2,2,3093,3.0,23,0,1,1,Suburb,752537.0232595459
3,3,4636,1.0,57,0,0,0,Suburb,1060267.709347563
3,2,4933,1.0,71,0,1,0,Suburb,1089776.8439024668
5,2,1598,2.0,90,0,1,1,Suburb,493664.89871071005
5,2,2826,1.5,22,1,1,1,City Center,1321565.700345964
2,2,3747,2.5,45,0,1,0,City Center,1277273.0467892452
4,3,1395,2.5,71,0,1,0,Rural,333018.47121732996
2,2,2174,1.5,7,0,1,0,Suburb,582333.8857745383
5,2,3409,1.0,58,0,1,1,Rural,674677.753573919
5,3,1430,2.0,89,0,1,0,Rural,399209.7598675768
1,1,4884,2.0,58,0,0,0,Suburb,1062882.7439094628
5,3,1223,2.5,12,0,1,1,City Center,671622.6706109414
1,1,3440,2.0,38,0,1,1,City Center,1184336.6447599656
4,3,1589,1.5,27,0,1,0,Suburb,486594.82429619954
2,3,1435,1.0,88,0,1,1,Suburb,409829.51237559906
2,2,2795,1.5,60,0,1,1,City Center,1028544.3040898243
1,1,655,3.0,15,0,0,0,Suburb,251367.8650453179
2,2,1570,2.5,1,0,1,0,Suburb,461050.5392459479
5,1,2458,2.0,81,0,1,1,Suburb,681103.0921620055
3,3,3001,3.0,16,0,1,0,City Center,1169332.858901532
1,3,4719,2.0,29,0,0,1,Rural,850816.3039864408
2,1,4330,1.0,12,0,1,1,Rural,780437.1403085015
1,2,1354,1.0,95,0,1,0,Suburb,322517.2744952908
1,2,1139,1.0,92,1,1,0,City Center,680697.0931515426
3,2,2738,2.0,93,0,1,1,Suburb,668618.9409244996
5,2,2102,3.0,81,0,0,1,City Center,876370.6400158597
1,3,941,1.0,12,0,1,1,Suburb,329218.6456889073
2,3,1836,3.0,42,0,1,1,City Center,773215.0369535763
4,3,4200,2.0,84,0,1,0,City Center,1539832.3851731962
1,3,1448,3.0,93,0,1,1,Rural,297280.87789554655
1,3,3873,2.0,20,1,0,1,Suburb,1055407.3336029926
3,2,959,2.0,54,0,1,1,Rural,258147.66960378148
5,2,892,2.5,80,0,1,0,Rural,211183.19716061896
4,2,4438,2.0,39,0,1,0,City Center,1567313.179428289
2,2,2287,2.0,82,0,1,1,Suburb,537987.5736020365
4,3,2757,1.5,14,0,1,1,City Center,1111179.4385289897
2,3,1638,1.0,72,0,1,0,City Center,661739.9369667073
5,3,4308,2.5,51,0,0,0,City Center,1575033.9471984834
2,1,2954,2.5,73,0,1,1,Suburb,673545.5156170957
3,2,1966,2.5,94,0,1,1,Suburb,503572.6771065765
3,2,4174,1.5,52,0,1,0,City Center,1466967.3413202488
3,3,1877,2.0,86,0,1,0,Suburb,487173.53676297195
3,2,3097,1.0,51,0,1,0,City Center,1077388.6752322677
4,2,641,3.0,29,0,1,1,Suburb,307625.78392316203
5,3,3159,2.0,32,0,1,1,Suburb,862571.218689206
2,1,1339,1.5,56,0,1,1,Rural,311069.51189117215
2,1,4118,2.0,51,0,1,1,City Center,1396537.1048882576
3,1,4417,2.0,8,0,0,0,Rural,842786.1335837195
3,3,1095,1.5,53,0,1,1,Rural,323050.4309791229
1,2,2404,2.5,0,0,0,1,City Center,889177.1368067735
5,3,780,2.5,43,0,1,0,City Center,534188.0432084268
4,3,923,1.0,98,0,1,0,Suburb,332861.505565911
2,2,4865,1.0,74,0,1,1,City Center,1611831.2342814358
1,1,4749,2.5,97,1,1,1,Rural,959396.1892718469
1,1,2250,3.0,79,0,1,0,Rural,412596.4891650807
2,3,2467,2.0,8,0,0,1,City Center,946593.0277248751
4,1,4588,3.0,31,0,1,1,Rural,796891.4685656212
1,3,4678,2.0,14,0,1,0,Suburb,1043642.4029406572
1,3,3446,2.5,11,0,1,0,Rural,624074.5522799141
5,2,1949,1.0,96,0,1,0,Suburb,535790.0962183392
4,2,2831,1.0,77,0,1,1,Rural,534817.7687384312
1,2,2720,3.0,56,0,1,0,Suburb,656217.1185417225
4,3,4289,1.0,7,0,1,0,Suburb,1072010.940205351
2,2,3310,2.5,71,0,1,1,City Center,1160221.081035297
3,1,2031,3.0,26,0,0,1,Suburb,513599.55709340645
1,1,3490,2.0,61,0,0,0,City Center,1150910.0094045384
5,3,4993,1.0,11,0,1,1,Rural,1013816.8764522007
2,3,1643,1.5,64,0,1,1,Rural,402842.01573311404
4,2,1433,1.0,41,0,1,1,Rural,321728.0326690644
2,3,1960,2.0,61,0,0,1,Suburb,475420.46941329405
1,3,3223,3.0,10,0,1,0,Rural,581191.5890050014
4,1,3012,2.0,42,0,1,1,Rural,572695.5136562419
3,1,785,1.5,94,0,1,1,City Center,392539.81171921577
2,2,764,2.5,16,0,1,1,City Center,424532.6431207519
1,3,2867,1.0,96,0,0,1,Rural,499353.2491028848
5,3,3947,3.0,31,0,1,1,Rural,825097.7441879113
4,1,2262,2.5,92,0,1,0,Suburb,587152.3279771907
2,3,3548,2.0,84,0,0,1,Suburb,774982.4343211547
2,1,2881,3.0,84,0,0,1,Rural,551903.1168552409
3,2,2769,2.5,39,0,0,1,City Center,1050350.868061551
3,1,540,3.0,22,1,0,0,Rural,322806.5814507593
5,3,567,1.5,55,0,1,1,Suburb,289138.1494017358
5,2,1487,1.5,5,0,1,1,City Center,741417.3955051277
1,1,4508,1.0,85,0,0,0,City Center,1374331.961795072
1,1,3698,1.0,49,0,0,1,Suburb,831774.6668133656
5,2,3024,1.5,36,0,1,1,Rural,606466.8247174671
5,2,1585,3.0,63,0,1,1,Rural,374634.2742226514
4,1,2979,1.5,53,0,1,1,Rural,567336.467641007
3,3,2193,1.0,71,0,1,1,Suburb,623110.0279225955
1,1,2815,1.5,48,0,1,0,City Center,945532.3983809429
3,2,1278,1.5,98,0,1,1,Suburb,392656.50683859305
3,1,2085,3.0,10,0,0,1,Rural,445000.19737793045
5,2,1992,2.5,87,0,1,1,Suburb,541672.257164113
4,2,1160,1.0,48,0,1,1,City Center,556739.9986680076
2,3,1848,3.0,20,0,1,1,Suburb,508878.5978129002
4,2,1799,1.5,65,0,1,0,Rural,401978.46483060316
4,2,4440,1.5,62,0,1,1,City Center,1574293.4276597043
3,3,2486,2.5,82,0,1,0,Suburb,621925.2080127395
4,2,2544,1.0,27,0,1,0,Suburb,657589.7064554921
1,3,4016,1.0,16,0,0,0,City Center,1350771.121377448
3,3,1558,2.0,5,0,0,1,City Center,688798.9464634944
1,2,1476,1.0,18,0,1,0,Rural,289017.7245061934
2,2,1227,2.5,55,0,1,0,City Center,565300.7229484901
3,1,3027,2.0,27,0,1,0,Rural,576299.0228844782
2,3,3636,2.0,65,0,1,0,Suburb,838693.1025111058
3,1,842,1.5,37,0,0,1,Rural,213254.6854254787
5,2,1947,1.5,36,0,0,1,Suburb,555978.5927518094
4,1,2879,1.0,67,0,1,0,City Center,1062726.854358086
5,3,4159,2.0,85,0,1,1,Suburb,997127.9794707594
2,1,1026,1.5,89,0,1,1,City Center,436818.49718576425
4,3,2396,2.5,48,0,1,1,Suburb,693155.212237441
3,2,2573,1.5,42,0,1,0,Suburb,630608.3995953199
4,2,905,1.5,35,0,1,1,Suburb,335013.2932502448
1,3,2073,2.0,57,0,0,0,Suburb,527126.5067352952
4,2,4240,2.0,12,0,1,0,Rural,855032.4041795481
1,2,4774,3.0,51,0,1,0,Suburb,1023242.243053095
4,2,4727,2.5,57,0,1,1,Rural,840999.8993788041
1,2,2346,2.0,31,0,1,0,City Center,860534.8412281927
2,3,1978,1.0,80,0,1,0,City Center,755803.0775757049
5,1,2895,2.5,99,0,1,0,Rural,591104.2324041525
3,1,1271,2.5,59,0,0,1,City Center,564489.0086655254
4,2,1078,2.0,82,0,1,1,City Center,538550.9193531432
5,1,3401,2.5,57,1,0,0,Suburb,1005430.3713341698
3,1,693,2.0,98,0,1,1,Suburb,222574.5586286835
3,2,2507,1.5,55,0,0,1,Suburb,631689.5198019189
1,2,1685,3.0,27,0,1,1,Rural,332407.319279642
2,1,2894,1.5,0,0,1,0,Rural,559986.7930956171
2,3,3498,2.0,41,0,1,1,City Center,1222121.7090364993
5,2,2292,2.0,81,0,1,0,Suburb,590003.9113255925
2,3,1610,1.5,47,0,0,1,Rural,399536.295937248
4,1,4505,1.0,39,0,1,0,Rural,787586.5608036107
2,2,2761,1.0,96,0,1,0,Suburb,633783.707614631
5,3,4236,1.0,62,0,1,0,Rural,841640.3780681167
2,2,4293,2.0,75,0,0,1,Suburb,1011633.8895422358
4,1,2436,2.5,71,1,1,0,City Center,1158226.8760441511
1,3,4857,2.0,87,0,1,1,City Center,1607705.5031515674
5,1,1229,2.5,79,0,0,0,City Center,576692.1345436937
1,1,4878,1.5,3,0,1,1,Suburb,1108030.8601171041
1,2,3951,3.0,37,0,1,1,Rural,732152.5891309475
1,3,4957,2.5,26,0,1,1,City Center,1666972.8053301778
3,1,2640,1.0,8,0,1,1,City Center,1031387.7922857181
3,1,2144,2.0,15,0,1,1,City Center,845395.2321038044
1,3,3300,1.5,55,0,1,0,Rural,572037.5969979
5,1,641,1.0,75,0,1,1,Rural,180676.88646411055
4,1,1955,1.5,30,1,1,0,Suburb,683473.2963393829
4,3,2596,3.0,87,0,1,1,City Center,1023626.0391442847
2,3,1825,2.0,13,0,1,1,Rural,438690.7318262185
5,3,1713,2.0,24,0,1,0,Suburb,561620.4102945275
3,3,1659,3.0,33,0,1,0,City Center,744946.2736301586
1,2,4999,2.0,66,0,1,1,Rural,898727.7622858088
2,3,840,2.5,23,0,1,1,Rural,255518.44766577377
4,2,4328,1.5,72,0,1,1,Suburb,979837.8491805013
3,2,2468,1.0,25,0,0,1,City Center,908938.6919505611
3,2,1203,3.0,19,0,1,1,City Center,633617.1926901415
1,1,4913,2.5,63,0,1,1,Rural,794749.2552149484
4,2,2929,1.0,9,0,0,0,City Center,1114431.4836072708
5,2,2300,1.0,82,0,1,0,Suburb,688544.8373438756
3,1,1355,3.0,66,0,1,1,Rural,325880.8361077625
1,1,2312,2.5,23,0,1,1,Rural,445506.42948802834
5,1,3366,1.0,4,0,1,1,Suburb,814088.4608336706
4,3,4142,1.0,66,0,1,1,Rural,832754.2642033304
3,1,682,2.5,57,0,0,0,City Center,398445.6967673614
5,1,3612,2.0,26,1,1,1,City Center,1591219.92280846
5,2,4992,1.0,79,0,0,0,Rural,915106.0066755796
5,1,2017,1.5,14,0,0,0,Suburb,583200.3061735345
3,3,1856,2.5,34,0,0,1,Suburb,522984.47353490366
3,1,2674,1.0,75,0,1,0,City Center,931618.4772378918
2,3,4129,3.0,52,0,1,1,Suburb,988708.3732876204
4,1,4128,1.5,43,0,0,1,Rural,768013.5335854448
1,1,4596,1.0,25,0,0,1,Rural,814408.5991164697
5,1,3739,1.5,46,0,1,0,City Center,1357921.918986006
2,1,4191,1.5,33,0,0,0,City Center,1412845.484551171
1,3,518,2.0,86,0,0,0,City Center,278037.68173355627
2,3,3903,1.5,94,0,0,1,Suburb,878786.2536977615
3,2,3504,2.0,49,0,1,1,Rural,673789.739886938
5,3,1632,2.5,83,0,1,1,Rural,479941.7422615761
1,1,3839,2.0,11,0,1,0,Rural,713900.1746495485
1,2,3811,3.0,86,0,1,1,City Center,1338451.447922488
1,2,3872,1.0,3,0,1,0,Rural,710117.4396497954
1,2,1487,2.5,86,0,1,0,Suburb,369173.55076588696
1,1,3821,2.5,47,0,1,1,Suburb,826345.073540613
2,3,673,3.0,54,0,1,1,Rural,258160.779915564
5,1,4241,2.0,0,0,1,0,City Center,1527170.3773212724
3,2,3552,1.0,88,0,0,0,Rural,694359.0189346672
3,1,1226,2.0,65,0,1,1,Suburb,337295.29173074255
3,1,4260,1.5,29,0,1,0,Suburb,1002166.4967158106
3,3,2375,2.0,2,0,1,0,Suburb,609224.8129131589
2,3,4533,2.5,20,0,1,1,Rural,836231.1074602334
4,2,1489,1.0,88,1,1,1,Suburb,584352.0382361581
5,1,4244,2.0,83,0,0,1,City Center,1466012.724607413
1,1,3186,1.0,48,0,1,1,Rural,570326.834954151
4,3,919,1.0,85,0,1,1,Rural,264926.37236052845
3,1,1093,1.5,84,0,1,0,Suburb,339273.3387507516
4,1,2274,1.5,61,0,1,1,Suburb,539631.2052753315
5,1,2959,2.5,96,0,1,1,City Center,1090377.0067992983
1,3,1435,3.0,37,0,1,0,Rural,358165.9086942739
1,2,4308,1.0,14,0,1,1,Suburb,988661.9980829149
5,2,831,3.0,51,0,0,0,City Center,535332.1565531753
5,1,3949,2.5,78,0,1,0,Suburb,957269.7338693171
3,2,3202,1.0,45,0,1,0,Rural,591232.1223247547
1,3,4506,1.0,24,0,1,1,Suburb,1040722.4292779894
4,3,4368,3.0,20,0,1,1,Rural,857384.8200023191
2,2,4700,2.0,87,0,1,1,Suburb,1098201.5332948249
2,2,701,1.5,4,0,1,1,Rural,244614.11456236025
5,1,2997,2.0,69,1,1,0,City Center,1362934.18519194
3,2,2342,3.0,46,0,1,0,Rural,505055.60658353276
2,1,2366,1.5,86,1,1,0,City Center,1065771.1385416656
1,1,2496,2.0,67,0,1,0,Rural,467605.0281936518
5,3,1409,1.5,90,0,0,0,City Center,652292.665765077
4,3,4805,1.0,17,0,1,1,Suburb,1160886.8221755
5,3,3689,2.0,20,1,1,1,Rural,901951.6670068174
4,3,1270,1.5,91,0,1,1,Suburb,432508.20172580215
5,2,3655,1.5,98,0,0,0,City Center,1327727.920490088
5,3,3001,1.5,85,0,1,1,Rural,657861.5911538018
5,2,3214,2.0,22,0,1,0,Rural,693512.3030825981
4,3,4085,2.5,63,0,1,0,Suburb,998712.9478525192
4,2,2128,2.0,66,0,1,1,Rural,433488.48000840744
5,1,886,3.0,39,0,1,1,Rural,253578.29192927288
2,2,3921,2.0,9,0,1,0,Suburb,913496.6399184662
3,2,4508,1.5,88,0,0,1,Rural,809248.842151193
3,3,4593,1.0,51,0,1,0,Suburb,1098050.0382800815
3,2,4863,2.0,71,0,1,1,Suburb,1032607.3278551116
4,1,2966,2.0,74,0,0,1,Suburb,690369.8434314226
4,1,2782,1.5,60,0,1,1,Suburb,689044.4771383791
2,3,2356,1.0,63,0,1,0,Suburb,564778.5592841827
3,1,2498,1.0,4,0,1,0,City Center,936447.3165407433
3,2,1736,3.0,52,0,1,1,City Center,724320.9476028641
5,1,4644,2.0,54,0,1,1,Suburb,1068154.3533981433
4,3,1650,1.0,36,0,0,0,City Center,718689.3918146131
3,2,4818,1.0,55,0,0,1,City Center,1663230.8140923614
2,3,1931,2.5,58,0,1,1,Rural,431117.95850404946
2,2,2319,2.5,92,0,1,1,Suburb,584398.5836185501
3,1,2824,1.0,68,0,1,1,City Center,1012846.9310635511
4,3,1630,3.0,72,0,1,1,Rural,421277.63031679404
2,3,3158,1.0,58,0,1,1,Rural,627274.9579493196
5,2,4000,1.5,1,0,1,1,Suburb,1016963.447861009
2,3,874,2.0,64,1,1,0,Suburb,431445.8986214472
1,2,2620,3.0,59,0,1,0,Rural,484549.07129025314
1,2,4520,1.5,50,0,1,0,Suburb,1022953.2524683092
4,2,2521,3.0,29,0,1,1,Suburb,666781.6564637261
3,2,4205,1.5,10,0,1,0,Rural,762586.8965933886
